Workbook

Sheet MenuItems
A1: id | B1: name | C1: ingredients | D1: englishTranslation | E1: germanTranslation | F1: firstPrice | G1: secondPrice | H1: order | I1: category | J1: menuSection | K1: subcategory | L1: menuFormats
A2: 1 | B2: Marinara | C2: pomodoro pelato italiano, origano calabrese, aglio tritato ﬁne, olio extravergine di oliva 100% italiano, basilico fresco | D2: peeled Italian tomatoes, Calabrian oregano, finely chopped garlic, 100% Italian extra virgin olive oil, fresh basil | E2: geschälte italienische Tomaten, kalabrischer Oregano, fein gehackter Knoblauch, 100 % italienisches natives Olivenöl extra, frisches Basilikum | F2: 6.5 | H2: 1 | I2: 1 | J2: =VLOOKUP(I2, MenuSections!$A$2:$B$13, 2, FALSE) -> Specialty | L2: 1,2,3
A3: 2 | B3: Bufala | C3: pomodoro pelato italiano, mozzarella di bufala campana DOP, parmigiano reggiano, olio extravergine 100% italiano, basilico fresco | D3: peeled Italian tomatoes, buffalo mozzarella from Campania DOP, Parmigiano Reggiano, 100% Italian extra virgin olive oil, fresh basil | E3: geschälte italienische Tomaten, Büffelmozzarella aus Kampanien DOP, Parmigiano Reggiano, 100 % italienisches natives Olivenöl extra, frisches Basilikum | F3: 10.5 | H3: 2 | I3: 1 | J3: =VLOOKUP(I3, MenuSections!$A$2:$B$13, 2, FALSE) -> Specialty | L3: 1,2,3
A4: 3 | B4: Veneta | C4: base bianca senza pomodoro, mozzarella da latte 100% italiano, provola affumicata, gocce di olio aromatizzato al tartufo, porchetta trevigiana selezione oro a ﬁne cottura | D4: white base without tomato, mozzarella from 100% Italian milk, smoked provola cheese, drops of truffle-flavored oil, premium Treviso porchetta added after baking | E4: Weiße Basis ohne Tomate, Mozzarella aus 100 % italienischer Milch, geräucherter Provola, Tropfen von Trüffelöl, Treviso-Porchetta „Selezione Oro“ nach dem Backen | F4: 12.5 | H4: 3 | I4: 1 | J4: =VLOOKUP(I4, MenuSections!$A$2:$B$13, 2, FALSE) -> Specialty | L4: 1,2,3
A5: 4 | B5: Saporita | C5: base bianca senza pomodoro, mozzarella da latte 100% italiano, gorgonzola DOP, grana padano DOP grattuggiato, prosciutto cotto alta qualità a ﬁne cottura | D5: white base without tomato, mozzarella from 100% Italian milk, Gorgonzola DOP, grated Grana Padano DOP, premium cooked ham added after baking | E5: Weiße Basis ohne Tomate, Mozzarella aus 100 % italienischer Milch, Gorgonzola DOP, geriebener Grana Padano DOP, hochwertiger Kochschinken nach dem Backen | F5: 12.5 | H5: 4 | I5: 1 | J5: =VLOOKUP(I5, MenuSections!$A$2:$B$13, 2, FALSE) -> Specialty | L5: 1,2,3
A6: 5 | B6: Sarda | C6: pomodoro pelato italiano, origano calabrese, mozzarella da latte 100% italiano, salsiccia di maiale senza conservanti aggiunti, pecorino sardo DOP grattuggiato (in cottura) | D6: Italian peeled tomatoes, Calabrian oregano, mozzarella from 100% Italian milk, preservative-free pork sausage, grated Pecorino Sardo DOP (cooked) | E6: Italienische geschälte Tomaten, kalabrischer Oregano, Mozzarella aus 100 % italienischer Milch, Schweinswurst ohne Zusatzstoffe, geriebener Pecorino Sardo DOP (mitgebacken) | F6: 11.5 | H6: 5 | I6: 1 | J6: =VLOOKUP(I6, MenuSections!$A$2:$B$13, 2, FALSE) -> Specialty | L6: 1,2,3
A7: 6 | B7: Bologna | C7: base bianca senza pomodoro, mozzarella da latte 100% italiano, mortadella IGP antica bologna, stracciatella di burrata, granella di pistacchio | D7: white base without tomato, mozzarella from 100% Italian milk, "Antica Bologna" Mortadella IGP, burrata stracciatella, crushed pistachios | E7: Weiße Basis ohne Tomate, Mozzarella aus 100 % italienischer Milch, Mortadella IGP „Antica Bologna“, Stracciatella di Burrata, gehackte Pistazien | F7: 13 | H7: 6 | I7: 1 | J7: =VLOOKUP(I7, MenuSections!$A$2:$B$13, 2, FALSE) -> Specialty | L7: 1,2,3
A8: 7 | B8: Gricia | C8: base bianca senza pomodoro, mozzarella da latte 100% italiano, pecorino Romano DOP grattugiato, guanciale di Sauris, pepe nero macinato a ﬁne cottura | D8: white base without tomato, mozzarella from 100% Italian milk, grated Pecorino Romano DOP, Sauris guanciale, freshly ground black pepper added after baking | E8: Weiße Basis ohne Tomate, Mozzarella aus 100 % italienischer Milch, geriebener Pecorino Romano DOP, Guanciale aus Sauris, schwarzer Pfeffer nach dem Backen | F8: 11.5 | H8: 7 | I8: 1 | J8: =VLOOKUP(I8, MenuSections!$A$2:$B$13, 2, FALSE) -> Specialty | L8: 1,2,3
A9: 8 | B9: Salsiccia e friarielli | C9: base bianca senza pomodoro, mozzarella da latte 100% italiano, friarielli*, salsiccia senza conservanti aggiunti, provola affumicata, grana padano DOP | D9: white base without tomato, mozzarella from 100% Italian milk, *friarielli (Neapolitan-style broccoli rabe), preservative-free sausage, smoked provola cheese, Grana Padano DOP | E9: Weiße Basis ohne Tomate, Mozzarella aus 100 % italienischer Milch, *friarielli*, Wurst ohne Zusatzstoffe, geräucherter Provola, Grana Padano DOP | F9: 12 | H9: 8 | I9: 1 | J9: =VLOOKUP(I9, MenuSections!$A$2:$B$13, 2, FALSE) -> Specialty | L9: 1,2,3
A10: 9 | B10: Siciliana | C10: pomodoro pelato italiano, mozzarella di bufala campana DOP, olive della Riviera del Garda denocciolate, capperi siciliani, ﬁletti di acciughe, origano, basilico fresco | D10: Italian peeled tomatoes, buffalo mozzarella from Campania DOP, pitted olives from Lake Garda, Sicilian capers, anchovy fillets, oregano, fresh basil | E10: Italienische geschälte Tomaten, Büffelmozzarella aus Kampanien DOP, entkernte Oliven von der Gardasee-Riviera, sizilianische Kapern, Sardellenfilets, Oregano, frisches Basilikum | F10: 13 | H10: 9 | I10: 1 | J10: =VLOOKUP(I10, MenuSections!$A$2:$B$13, 2, FALSE) -> Specialty | L10: 1,2,3
A11: 10 | B11: Parma Dop | C11: pomodoro pelato italiano, mozzarella con latte di bufala campana DOP spezzata a mano, crudo di Parma riserva DOP stagionato 24 mesi, basilico fresco | D11: peeled Italian tomatoes, hand-shredded mozzarella made with buffalo milk from Campania (PDO), 24-month-aged Parma ham (PDO), fresh basil | E11: geschälte italienische Tomaten, handgezupfter Mozzarella aus Büffelmilch aus Kampanien (g.U.), 24 Monate gereifter Parmaschinken „Riserva“ (g.U.), frisches Basilikum | F11: 13 | H11: 10 | I11: 1 | J11: =VLOOKUP(I11, MenuSections!$A$2:$B$13, 2, FALSE) -> Specialty | L11: 1,2,3
A12: 11 | B12: Tirolese | C12: crema di ricotta alla base, mozzarella da latte 100% italiano, formaggio brie, speck di Sauris IGP | D12: ricotta cream base, mozzarella from 100% Italian milk, Brie cheese, Sauris speck IGP | E12: Ricottacreme als Basis, Mozzarella aus 100 % italienischer Milch, Brie, Speck aus Sauris IGP | F12: 13 | H12: 11 | I12: 1 | J12: =VLOOKUP(I12, MenuSections!$A$2:$B$13, 2, FALSE) -> Specialty | L12: 1,2,3
A13: 12 | B13: Capricciosa | C13: salsa di pomodoro, mozzarella ﬁor di latte, prosciutto cotto alta qualità, carcioﬁ, funghi champignon trifolati | D13: tomato sauce, fior di latte mozzarella, premium cooked ham, artichokes, sautéed champignon mushrooms | E13: Tomatensoße, Fior di Latte-Mozzarella, hochwertiger Kochschinken, Artischocken, sautierte Champignon-Pilze | F13: 10.5 | H13: 12 | I13: 2 | J13: =VLOOKUP(I13, MenuSections!$A$2:$B$13, 2, FALSE) -> Classic | L13: 1,2,3
... A21: 20 | B21: Parmigiana | C21: pomodoro pelato italiano, mozzarella da latte 100% italiano, melanzane cotte in forno a bassa temperatura, parmigiano reggiano grattuggiato in cottura, basilico fresco | D21: Italian peeled tomatoes, mozzarella from 100% Italian milk, slow-roasted eggplant, grated Parmigiano Reggiano (cooked), fresh basil | E21: Italienische geschälte Tomaten, Mozzarella aus 100 % italienischer Milch, bei niedriger Temperatur gebackene Auberginen, geriebener Parmigiano Reggiano (mitgebacken), frisches Basilikum | F21: 11 | H21: 20 | I21: 2 | J21: =VLOOKUP(I21, MenuSections!$A$2:$B$13, 2, FALSE) -> Classic | L21: 1,2,3
A22: 21 | B22: Prosecco DOCG extra dry | D22: Prosecco DOCG extra dry | F22: 3.5 | H22: 21 | I22: 3 | J22: =VLOOKUP(I22, MenuSections!$A$2:$B$13, 2, FALSE) -> Aperitif | L22: 1,2
A23: 22 | B23: Prosecco DOCG brut | D23: Prosecco DOCG brut | F23: 3.5 | H23: 22 | I23: 3 | J23: =VLOOKUP(I23, MenuSections!$A$2:$B$13, 2, FALSE) -> Aperitif | L23: 1,2
A24: 23 | B24: Americano | D24: Americano | F24: 6 | H24: 23 | I24: 3 | J24: =VLOOKUP(I24, MenuSections!$A$2:$B$13, 2, FALSE) -> Aperitif | L24: 1,2
A25: 24 | B25: Gin Tonic | D25: Gin Tonic | F25: 7.5 | G25: 10 | H25: 24 | I25: 3 | J25: =VLOOKUP(I25, MenuSections!$A$2:$B$13, 2, FALSE) -> Aperitif | L25: 1,2
A26: 25 | B26: Vodka Tonic | D26: Vodka Tonic | F26: 7.5 | G26: 10 | H26: 25 | I26: 3 | J26: =VLOOKUP(I26, MenuSections!$A$2:$B$13, 2, FALSE) -> Aperitif | L26: 1,2
A27: 26 | B27: Rum e cola | D27: Rum and cola | F27: 8.5 | H27: 26 | I27: 3 | J27: =VLOOKUP(I27, MenuSections!$A$2:$B$13, 2, FALSE) -> Aperitif | L27: 1,2
A28: 27 | B28: Spritz Aperol | D28: Spritz Aperol | F28: 4 | H28: 27 | I28: 3 | J28: =VLOOKUP(I28, MenuSections!$A$2:$B$13, 2, FALSE) -> Aperitif | L28: 1,2
A29: 28 | B29: Spritz Campari | D29: Spritz Campari | F29: 4 | H29: 28 | I29: 3 | J29: =VLOOKUP(I29, MenuSections!$A$2:$B$13, 2, FALSE) -> Aperitif | L29: 1,2
A30: 29 | B30: Spritz bianco | D30: White Spritz | F30: 3.5 | H30: 29 | I30: 3 | J30: =VLOOKUP(I30, MenuSections!$A$2:$B$13, 2, FALSE) -> Aperitif | L30: 1,2
A31: 30 | B31: Gingerino biologico | D31: Organic ginger | F31: 3.5 | H31: 30 | I31: 3 | J31: =VLOOKUP(I31, MenuSections!$A$2:$B$13, 2, FALSE) -> Aperitif | L31: 1,2
A32: 31 | B32: Analcolico San Michele | D32: Non-alcoholic San Michele | F32: 3.5 | H32: 31 | I32: 3 | J32: =VLOOKUP(I32, MenuSections!$A$2:$B$13, 2, FALSE) -> Aperitif | L32: 1,2
A33: 32 | B33: Acqua naturale/frizzante 0,75l | D33: Still and sparkling water 0,75l | E33: Stilles/Sprudelndes Wasser 0,75l | F33: 3.5 | H33: 32 | I33: 4 | J33: =VLOOKUP(I33, MenuSections!$A$2:$B$13, 2, FALSE) -> Drink | L33: 1,2
A34: 33 | B34: Coca Cola 0,3l | F34: 3.5 | H34: 33 | I34: 4 | J34: =VLOOKUP(I34, MenuSections!$A$2:$B$13, 2, FALSE) -> Drink | L34: 1,2
A35: 34 | B35: Coca Cola 0,5l | F35: 5 | H35: 34 | I35: 4 | J35: =VLOOKUP(I35, MenuSections!$A$2:$B$13, 2, FALSE) -> Drink | L35: 1,2
A36: 35 | B36: Coca Cola Zero | D36: Coca Cola Zero Sugar | F36: 3.5 | H36: 35 | I36: 4 | J36: =VLOOKUP(I36, MenuSections!$A$2:$B$13, 2, FALSE) -> Drink | L36: 1,2
A37: 36 | B37: Fanta | D37: Fanta | F37: 3.5 | H37: 36 | I37: 4 | J37: =VLOOKUP(I37, MenuSections!$A$2:$B$13, 2, FALSE) -> Drink | L37: 1,2
A38: 37 | B38: Fever Tree Tonica | D38: Fever Tree Tonic | F38: 3.5 | H38: 37 | I38: 4 | J38: =VLOOKUP(I38, MenuSections!$A$2:$B$13, 2, FALSE) -> Drink | L38: 1,2
A39: 38 | B39: The San Benedetto in vetro | D39: Glass San Benedetto tea | E39: San Benedetto Eistee (Glasflasche) | F39: 3.5 | H39: 38 | I39: 4 | J39: =VLOOKUP(I39, MenuSections!$A$2:$B$13, 2, FALSE) -> Drink | L39: 1,2
A40: 39 | B40: Coca Cola in lattina | F40: 2 | H40: 39 | I40: 4 | J40: =VLOOKUP(I40, MenuSections!$A$2:$B$13, 2, FALSE) -> Drink | L40: 3
A41: 40 | B41: Birra Paulaner in bottiglia 0,33l | F41: 2.5 | H41: 40 | I41: 4 | J41: =VLOOKUP(I41, MenuSections!$A$2:$B$13, 2, FALSE) -> Drink | L41: 3
A42: 41 | B42: Bionda Paulaner Munchner Hell | D42: Blonde Paulaner Munchner Hell | E42: Paulaner Munchner Hell | F42: 3.5 | G42: 5.5 | H42: 41 | I42: 5 | J42: =VLOOKUP(I42, MenuSections!$A$2:$B$13, 2, FALSE) -> DraftBeer | L42: 1,2
A43: 42 | B43: Non Filtrata Schwechater Zwickl | D43: Unfiltered Schwechater Zwickl | E43: Schwechater Zwickl | F43: 3.5 | G43: 6 | H43: 42 | I43: 5 | J43: =VLOOKUP(I43, MenuSections!$A$2:$B$13, 2, FALSE) -> DraftBeer | L43: 1,2
A44: 43 | B44: Rossa Paulaner Salvator | D44: Red Paulaner Salvator | E44: Paulaner Salvator | F44: 3.5 | G44: 6 | H44: 43 | I44: 5 | J44: =VLOOKUP(I44, MenuSections!$A$2:$B$13, 2, FALSE) -> DraftBeer | L44: 1,2
A45: 44 | B45: Bianca Blanche de Namur 0,33l | F45: 5 | H45: 44 | I45: 6 | J45: =VLOOKUP(I45, MenuSections!$A$2:$B$13, 2, FALSE) -> BottleBeer | L45: 1,2
A46: 45 | B46: Herb Radler Cimbra 0,5l | F46: 6.5 | H46: 45 | I46: 6 | J46: =VLOOKUP(I46, MenuSections!$A$2:$B$13, 2, FALSE) -> BottleBeer | L46: 1,2
A47: 46 | B47: Weizen Andechs 0,5l | F47: 6.5 | H47: 46 | I47: 6 | J47: =VLOOKUP(I47, MenuSections!$A$2:$B$13, 2, FALSE) -> BottleBeer | L47: 1,2
A48: 47 | B48: IPA 0,33l | F48: 5 | H48: 47 | I48: 6 | J48: =VLOOKUP(I48, MenuSections!$A$2:$B$13, 2, FALSE) -> BottleBeer | L48: 1,2
A49: 48 | B49: Senza glutine Daura Damm 0,33l | D49: Gluten-Free Daura Damm 0,33L | E49: Glutenfrei Daura Damm 0,33l | F49: 5 | H49: 48 | I49: 6 | J49: =VLOOKUP(I49, MenuSections!$A$2:$B$13, 2, FALSE) -> BottleBeer | L49: 1,2
A50: 49 | B50: Analcolica Clausthaler 0,33l | D50: Non-Alcoholic Clausthaler 0,33L | E50: Alkoholfrei Clausthaler 0,33l | F50: 4.5 | H50: 49 | I50: 6 | J50: =VLOOKUP(I50, MenuSections!$A$2:$B$13, 2, FALSE) -> BottleBeer | L50: 1,5
A51: 50 | B51: Prosecco DOCG Sbrut Riva dei Frati | F51: 20 | G51: 3.5 | H51: 50 | I51: 7 | J51: =VLOOKUP(I51, MenuSections!$A$2:$B$13, 2, FALSE) -> Wine | L51: 1,2
A52: 51 | B52: Prosecco DOCG Superiore extra dry Riva dei Frati | F52: 20 | G52: 3.5 | H52: 51 | I52: 7 | J52: =VLOOKUP(I52, MenuSections!$A$2:$B$13, 2, FALSE) -> Wine | L52: 1,2
A53: 52 | B53: Prosecco DOCG Superiore cartizze Riva dei Frati | F53: 27 | H53: 52 | I53: 7 | J53: =VLOOKUP(I53, MenuSections!$A$2:$B$13, 2, FALSE) -> Wine | L53: 1,2
A54: 53 | B54: Lugana San Benedetto Zenato | F54: 23 | H54: 53 | I54: 7 | J54: =VLOOKUP(I54, MenuSections!$A$2:$B$13, 2, FALSE) -> Wine | L54: 1,2
A55: 54 | B55: Incrocio Manzoni - Azienda Agricola Emilio Sartor | F55: 18 | G55: 3.5 | H55: 54 | I55: 7 | J55: =VLOOKUP(I55, MenuSections!$A$2:$B$13, 2, FALSE) -> Wine | L55: 1,2
A56: 55 | B56: Merlot - Azienda Agricola Emilio Sartor | F56: 17 | G56: 3.5 | H56: 55 | I56: 7 | J56: =VLOOKUP(I56, MenuSections!$A$2:$B$13, 2, FALSE) -> Wine | L56: 1,2
A57: 56 | B57: Franciacorta Brut Contadi Castaldi | F57: 34 | H57: 56 | I57: 7 | J57: =VLOOKUP(I57, MenuSections!$A$2:$B$13, 2, FALSE) -> Wine | L57: 1,2
A58: 57 | B58: Rosso Veronese IGT "PACO" - Azienda Agricola Paolo Cottini | F58: 29 | H58: 57 | I58: 7 | J58: =VLOOKUP(I58, MenuSections!$A$2:$B$13, 2, FALSE) -> Wine | L58: 1,2
A59: 58 | B59: Montello Rosso Superiore DOCG “Campo del Pra” - Azienda Agricola Emilio Sartor | F59: 28 | H59: 58 | I59: 7 | J59: =VLOOKUP(I59, MenuSections!$A$2:$B$13, 2, FALSE) -> Wine | L59: 1,2
A60: 59 | B60: Crema al mascarpone e biscottini di frolla alle mandorle | D60: Mascarpone cream and almond shortcrust biscuits | E60: Mascarpone-Creme und Mandelkekse | F60: 6 | H60: 59 | I60: 8 | J60: =VLOOKUP(I60, MenuSections!$A$2:$B$13, 2, FALSE) -> Cake | L60: 1,4
A61: 60 | B61: I 3 cioccolati di Martina: crema bavarese al cioccolato bianco, latte e fondente su terra di cioccolato | D61: Martina's three chocolates: Bavarian cream with white, milk, and dark chocolate on the chocolate ground | E61: Die 3 Schokoladen von Martina: Weiße Schokoladenmousse, Milch- und dunkle Schokolade auf Schokoladenboden | F61: 7 | H61: 60 | I61: 8 | J61: =VLOOKUP(I61, MenuSections!$A$2:$B$13, 2, FALSE) -> Cake | L61: 1,4
A62: 61 | B62: Namelaka alla yogurt greco e cioccolato bianco con composta di frutta | D62: Greek yogurt and white chocolate namelaka with fruit compote | E62: Namelaka mit griechischem Joghurt und weißer Schokolade, serviert mit Obstkompott | F62: 6.5 | H62: 61 | I62: 8 | J62: =VLOOKUP(I62, MenuSections!$A$2:$B$13, 2, FALSE) -> Cake | L62: 1,4
A63: 62 | B63: Tiramisù in vasetto | D63: Tiramisù in a jar | E63: Tiramisu im Glas | F63: 6 | H63: 62 | I63: 8 | J63: =VLOOKUP(I63, MenuSections!$A$2:$B$13, 2, FALSE) -> Cake | L63: 1,4
A64: 63 | B64: Gelato ﬁor di latte con caramello salato | D64: Fior di latte ice cream with salted caramel | E64: Fior di Latte Eis mit gesalzenem Karamell | F64: 4.5 | H64: 63 | I64: 8 | J64: =VLOOKUP(I64, MenuSections!$A$2:$B$13, 2, FALSE) -> Cake | L64: 1,4
A65: 64 | B65: Sorbetto al limone *con aggiunta di limoncello o liquiriza | D65: Lemon sorbet * with addition of limoncello or liquiriza | E65: Zitronensorbet * Mit Zugabe von Limoncello oder Lakritze | F65: 3.5 | G65: 4.5 | H65: 64 | I65: 8 | J65: =VLOOKUP(I65, MenuSections!$A$2:$B$13, 2, FALSE) -> Cake | L65: 1,4
A66: 65 | B66: Gin Beefeater con Schweppes tonica | D66: Gin Beefeater with tonic Schweppes | F66: 7.5 | H66: 65 | I66: 9 | J66: =VLOOKUP(I66, MenuSections!$A$2:$B$13, 2, FALSE) -> Cocktail | L66: 1,4
A67: 66 | B67: Kapriol Old Tom Gin con Fever Tree tonica | D67: Kapriol Old Tom Gin with Fever Tree tonic | F67: 8.5 | H67: 66 | I67: 9 | J67: =VLOOKUP(I67, MenuSections!$A$2:$B$13, 2, FALSE) -> Cocktail | L67: 1,4
A68: 67 | B68: Hendrick’s Gin servito con Fever Tree tonica | D68: Hendrick's Gin served with Fever Tree tonic | F68: 10 | H68: 67 | I68: 9 | J68: =VLOOKUP(I68, MenuSections!$A$2:$B$13, 2, FALSE) -> Cocktail | L68: 1,4
A69: 68 | B69: Vodka NBAH distillata artigianalmente a San Pietro di Feletto e Schweppes tonica | D69: Handcrafted distilled Vodka NBAH in San Pietro di Feletto and tonic Schweppes | F69: 7.5 | H69: 68 | I69: 9 | J69: =VLOOKUP(I69, MenuSections!$A$2:$B$13, 2, FALSE) -> Cocktail | L69: 1,4
A70: 69 | B70: Vodka Belvedere con Fever Tree tonica | D70: Vodka Belvedere with Fever Tree tonic | F70: 9 | H70: 69 | I70: 9 | J70: =VLOOKUP(I70, MenuSections!$A$2:$B$13, 2, FALSE) -> Cocktail | L70: 1,4
A71: 70 | B71: Beluga Vodka con Fever Tree tonica | D71: Beluga Vodka with Fever Tree tonic | F71: 10 | H71: 70 | I71: 9 | J71: =VLOOKUP(I71, MenuSections!$A$2:$B$13, 2, FALSE) -> Cocktail | L71: 1,4
A72: 71 | B72: Rum Legendario Elixir e cola | D72: Legendary Rum Elixir and Cola | F72: 8 | H72: 71 | I72: 9 | J72: =VLOOKUP(I72, MenuSections!$A$2:$B$13, 2, FALSE) -> Cocktail | L72: 1,4
A73: 72 | B73: Limoncello | D73: Limoncello | F73: 3.5 | H73: 72 | I73: 10 | J73: =VLOOKUP(I73, MenuSections!$A$2:$B$13, 2, FALSE) -> Digestif | L73: 1,4
A74: 73 | B74: Liquirizia | D74: Licorice | F74: 3.5 | H74: 73 | I74: 10 | J74: =VLOOKUP(I74, MenuSections!$A$2:$B$13, 2, FALSE) -> Digestif | L74: 1,4
A75: 74 | B75: Amari: Kapriol, Amaro del Cansiglio, Amaro del Frate, Branca Menta, Fernet Branca, Montenegro, Braulio, Jagermeister, Amaro del Capo, Disaronno, Baileys, Averna, Petrus | D75: Liqueurs: Kapriol, Amaro del Cansiglio, Amaro del Frate, Branca Menta, Fernet Branca, Montenegro, Braulio, Jagermeister, Amaro del Capo, Disaronno, Baileys, Averna, Petrus | F75: 3.8 | H75: 74 | I75: 10 | J75: =VLOOKUP(I75, MenuSections!$A$2:$B$13, 2, FALSE) -> Digestif | L75: 1,4
A76: 75 | B76: Jefferson - Amaro Importante | F76: 5 | H76: 75 | I76: 10 | J76: =VLOOKUP(I76, MenuSections!$A$2:$B$13, 2, FALSE) -> Digestif
A77: 76 | B77: Braulio Riserva Speciale | F77: 5 | H77: 76 | I77: 10 | J77: =VLOOKUP(I77, MenuSections!$A$2:$B$13, 2, FALSE) -> Digestif
A78: 77 | B78: Whisky Single Malt - Glenﬁddich 12 anni | D78: Single Malt Whiskey - Glenﬁddich 12 years | F78: 7 | H78: 77 | I78: 10 | J78: =VLOOKUP(I78, MenuSections!$A$2:$B$13, 2, FALSE) -> Digestif | L78: 1,4
A79: 78 | B79: Whisky Single Malt - Laphroaig Select | D79: Single Malt Whiskey - Laphroaig Select | F79: 7.5 | H79: 78 | I79: 10 | J79: =VLOOKUP(I79, MenuSections!$A$2:$B$13, 2, FALSE) -> Digestif | L79: 1,4
A80: 79 | B80: Rum Legendario Elixir de Cuba | D80: Rum Legendario Elixir de Cuba | F80: 6.5 | H80: 79 | I80: 10 | J80: =VLOOKUP(I80, MenuSections!$A$2:$B$13, 2, FALSE) -> Digestif | L80: 1,4
A81: 80 | B81: Rum Zacapa Solera 23 anni servito con scaglie di cioccolato fondente | D81: Rum Zacapa Solera 23 years served with dark chocolate flakes | F81: 9 | H81: 80 | I81: 10 | J81: =VLOOKUP(I81, MenuSections!$A$2:$B$13, 2, FALSE) -> Digestif | L81: 1,4
A82: 81 | B82: Grappa bianca San Michele (prodotto locale distillato a San Pietro di Feletto) | D82: San Michele white grappa (local product distilled in San Pietro di Feletto) | F82: 3.5 | H82: 81 | I82: 11 | J82: =VLOOKUP(I82, MenuSections!$A$2:$B$13, 2, FALSE) -> Grappa | L82: 1,4
A83: 82 | B83: Grappa 903 bianca o barricata | D83: Grappa 903 white or barricaded | F83: 4.5 | H83: 82 | I83: 11 | J83: =VLOOKUP(I83, MenuSections!$A$2:$B$13, 2, FALSE) -> Grappa | L83: 1,4
A84: 83 | B84: Grappa di Barolo barricata | D84: Barricaded Barolo Grappa | F84: 4.5 | H84: 83 | I84: 11 | J84: =VLOOKUP(I84, MenuSections!$A$2:$B$13, 2, FALSE) -> Grappa | L84: 1,4
A85: 84 | B85: Barricata Da Ponte invecchiata 8 anni | D85: Barricata Da Ponte aged 8 years | F85: 4.5 | H85: 84 | I85: 11 | J85: =VLOOKUP(I85, MenuSections!$A$2:$B$13, 2, FALSE) -> Grappa | L85: 1,4
A86: 85 | B86: Storica nera | D86: Storica nera | F86: 5.5 | H86: 85 | I86: 11 | J86: =VLOOKUP(I86, MenuSections!$A$2:$B$13, 2, FALSE) -> Grappa | L86: 1,4
A87: 86 | B87: Caffè espresso | D87: Espresso | F87: 1.7 | H87: 86 | I87: 12 | J87: =VLOOKUP(I87, MenuSections!$A$2:$B$13, 2, FALSE) -> Coffee | L87: 1,4
A88: 87 | B88: Caffè macchiato | D88: Macchiato | F88: 1.7 | H88: 87 | I88: 12 | J88: =VLOOKUP(I88, MenuSections!$A$2:$B$13, 2, FALSE) -> Coffee | L88: 1,4
A89: 88 | B89: Caffè decaffeinato | D89: Decaffeinated coffee | F89: 1.8 | H89: 88 | I89: 12 | J89: =VLOOKUP(I89, MenuSections!$A$2:$B$13, 2, FALSE) -> Coffee | L89: 1,4
... A92: 91 | B92: Caffè doppio | D92: Double espresso | F92: 2.5 | H92: 91 | I92: 12 | J92: =VLOOKUP(I92, MenuSections!$A$2:$B$13, 2, FALSE) -> Coffee | L92: 1,4

Sheet MenuSections
A1: id | B1: name
A2: 1 | B2: Specialty
A3: 2 | B3: Classic
A4: 3 | B4: Aperitif
A5: 4 | B5: Drink
A6: 5 | B6: DraftBeer
A7: 6 | B7: BottleBeer
A8: 7 | B8: Wine
A9: 8 | B9: Cake
A10: 9 | B10: Cocktail
A11: 10 | B11: Digestif
A12: 11 | B12: Grappa
A13: 12 | B13: Coffee

Sheet MenuFormat
A1: id | B1: name
A2: 1 | B2: Complete
A3: 2 | B3: Table
A4: 3 | B4: TakeAway
A5: 4 | B5: Dessert
